cooking,6780
menu,3619
restaurant,3354
food,3019
design,2127
eating,1929
service,1909
life,1862
dining,1832
management,1806
menus,1799
social,1798
bill,1769
dinners,1744
restaurants,1725
customs,1720
prices,1705
fares,1695
community,1233
book,1215
cookbooks,1126
jewish,1123
cook,1082
recipes,800
dinner,737
new,727
de,684
cookery,676
hotel,676
home,632
annual,626
house,600
women,588
may,581
use,540
table,525
one,518
texas,515
works,511
festival,481
collection,476
folklife,467
pot,466
two,465
family,463
receipts,439
elements,429
people,427
men,424
la,422
celebrations,414
school,405
areas,403
utah,400
state,397
jun,391
work,391
center,389
patterns,387
earthen,382
cookbook,376
photographs,371
year,357
water,353
would,349
borders,345
ornament,343
county,330
kitchen,329
time,329
photograph,323
also,322
holidays,316
states,314
los,314
pots,304
american,298
university,297
good,293
best,291
economics,289
room,286
group,285
nevada,280
first,276
angeles,273
june,273
children,272
domestic,272
per,266
history,265
vessel,265
information,264
camp,264
practical,258
students,255
woman,255
polychromatic,254
large,252
used,251
national,247
many,247
georgia,242
club,241
pans,238
tried,235
day,234
l,228
november,227
made,226
feet,225
auxiliary,224
three,223
well,222
agriculture,220
plants,219
guide,218
general,215
vegetables,215
years,213
december,213
sunday,213
california,213
meat,212
flowers,207
early,207
white,206
small,205
mix,205
emblems,204
indians,201
south,201
library,200
earthenware,200
farm,198
class,197
e,196
july,196
field,195
containing,194
san,194
every,192
clothing,191
etc,191
city,190
unrivalled,190
name,188
report,188
department,185
man,184
making,179
residence,175
du,173
buildings,173
c,172
old,172
black,171
college,171
april,170
cake,169
high,169
august,167
household,166
archives,166
health,165
art,165
sugar,164
right,164
front,164
company,162
dishes,162
extension,162
station,161
fire,161
preparation,160
science,159
girls,159
des,156
y,156
left,156
young,155
leaves,154
test,153
march,152
apr,152
america,152
october,152
public,152
cooks,151
royal,151
soil,151
preparing,150
southern,150
prints,149
r,149
back,148
near,146
area,146
utensils,144
hotels,144
